account_name,contact_email,created_date,lead_source,opportunity_amount,is_active,sfdc_id,annual_revenue,last_activity,custom_field,region,notes_flag,deal_score,engagement_level,num_calls,page_duration,city,state,country
Acme Corp,contact@acme.com,2020-01-01,Trade Show,1000.0,False,001B000002,1000000.0,,"{""type"": ""A"", ""value"": 100}",North America,,0.5,,,141,New York City,New York,United States
Globex,help@globex.com,2022-12-01,Social Media,,False,,1000000.0,,,North America,,,0.0636,31.0,278,San Francisco,California,United States
Globex,help@globex.com,,Email Campaign,50000.0,True,001A000001,5000000.0,2024-05-05,,North America,,,0.2173,38.0,271,Chicago,Illinois,United States
Acme Corp,contact@acme.com,,Social Media,50000.0,False,,1000000.0,2024-09-13,"{""type"": ""A"", ""value"": 100}",North America,,1.0,,32.0,318,,,United States
Umbrella,,2024-03-26,Web,50000.0,False,001B000002,1000000.0,2024-05-05,,North America,,1.0,0.5376,,399,New York City,New York,United States
Globex,help@globex.com,2024-04-03,,50000.0,True,001A000001,999999.0,,"{""type"": ""A"", ""value"": 100}",North America,,,0.7661,23.0,383,Chicago,Illinois,United States
Soylent,,2025-07-17,Referral,10000.0,False,001A000001,,2025-01-28,"{""type"": ""B"", ""value"": 200}",North America,,1.0,,3.0,155,Chicago,Illinois,United States
Soylent,,2023-12-17,Phone Inquiry,1000.0,True,,,,"{""type"": ""A"", ""value"": 100}",North America,Notes_Flag,0.1,0.9034,37.0,248,Chicago,Illinois,United States
Acme Corp,contact@acme.com,2022-12-01,Trade Show,1000.0,False,001B000002,2500000.0,2025-01-23,,,,0.5,0.5414,,419,Chicago,Illinois,United States
Acme Corp,contact@acme.com,,Email Campaign,50000.0,False,001C000003,5000000.0,,,North America,Notes_Flag,,,10.0,108,New York City,New York,United States
Umbrella,,2024-06-03,Trade Show,25000.0,True,001A000001,2500000.0,,,,Notes_Flag,0.75,0.0309,49.0,182,Chicago,Illinois,United States
Wonka,,2025-07-08,Trade Show,50000.0,True,,5000000.0,2024-05-05,,,Notes_Flag,1.0,0.1543,13.0,194,San Francisco,California,United States
Globex,help@globex.com,2022-12-01,,1000.0,True,,1000000.0,,"{""type"": ""B"", ""value"": 200}",,,0.75,,,279,Chicago,Illinois,United States
Soylent,,2020-01-01,Trade Show,50000.0,True,001B000002,1000000.0,2024-05-05,"{""type"": ""A"", ""value"": 100}",North America,Notes_Flag,1.0,0.7853,26.0,37,New York City,New York,United States
Soylent,,2020-01-01,Partner,50000.0,False,,1000000.0,,"{""type"": ""B"", ""value"": 200}",North America,Notes_Flag,1.0,0.2743,17.0,350,New York City,New York,United States
Globex,help@globex.com,2023-01-26,Social Media,50000.0,True,,100000.0,,,,,0.1,,21.0,105,San Francisco,California,United States
Acme Corp,contact@acme.com,2022-12-01,Referral,50000.0,True,001C000003,1000000.0,,"{""type"": ""B"", ""value"": 200}",,Notes_Flag,,0.8991,,331,San Francisco,California,United States
Globex,help@globex.com,,Web,25000.0,True,,1000000.0,,,North America,Notes_Flag,1.0,0.0606,9.0,296,San Francisco,California,United States
Soylent,,2020-01-01,Social Media,10000.0,,001A000001,5000000.0,2024-08-22,,North America,Notes_Flag,,,41.0,169,San Francisco,California,United States
Globex,help@globex.com,,Email Campaign,,False,001A000001,5000000.0,,,North America,,1.0,0.2805,44.0,353,San Francisco,California,United States
Umbrella,,2020-01-01,Social Media,1000.0,False,,1000000.0,,"{""type"": ""B"", ""value"": 200}",North America,,1.0,0.0956,,360,New York City,New York,United States
Umbrella,,2024-08-12,Referral,10000.0,True,,1000000.0,,"{""type"": ""A"", ""value"": 100}",North America,Notes_Flag,0.75,,41.0,472,,,United States
Wonka,,2022-12-01,Trade Show,50000.0,False,001B000002,2500000.0,,,North America,Notes_Flag,0.75,0.7808,37.0,73,New York City,New York,United States
Globex,help@globex.com,2022-12-01,Email Campaign,50000.0,True,001B000002,1000000.0,,,North America,Notes_Flag,0.75,0.2904,1.0,113,New York City,New York,United States
Soylent,,2020-01-01,Email Campaign,,True,,,2024-12-18,,North America,,0.1,,,21,Chicago,Illinois,United States
Globex,help@globex.com,2024-12-27,Social Media,0.0,,,1000000.0,,,North America,Notes_Flag,0.5,0.8941,8.0,50,Chicago,Illinois,United States
Acme Corp,contact@acme.com,2022-12-01,Social Media,10000.0,True,,1000000.0,,,North America,Notes_Flag,,0.053,43.0,205,,,United States
Soylent,,2023-05-04,Email Campaign,,True,,999999.0,,,,,,,28.0,107,San Francisco,California,United States
Initech,,,Web,50000.0,False,001C000003,2500000.0,,"{""type"": ""A"", ""value"": 100}",North America,Notes_Flag,1.0,0.9407,,203,New York City,New York,United States
Soylent,,,Email Campaign,1000.0,True,001A000001,5000000.0,,,,,1.0,0.9583,19.0,134,New York City,New York,United States
Globex,help@globex.com,2022-12-01,Web,0.0,True,001A000001,2500000.0,,"{""type"": ""A"", ""value"": 100}",North America,Notes_Flag,0.75,,3.0,442,Chicago,Illinois,United States
Globex,help@globex.com,,Trade Show,,False,,1000000.0,,,North America,,1.0,0.0636,10.0,472,Chicago,Illinois,United States
Soylent,,2024-02-20,Social Media,,False,001B000002,1000000.0,,,North America,,0.1,0.3864,,59,Chicago,Illinois,United States
Globex,help@globex.com,2022-12-01,Trade Show,0.0,False,,999999.0,,"{""type"": ""B"", ""value"": 200}",North America,Notes_Flag,1.0,,37.0,417,San Francisco,California,United States
Soylent,,2022-12-01,Email Campaign,10000.0,False,,5000000.0,,"{""type"": ""A"", ""value"": 100}",,Notes_Flag,0.5,0.9556,41.0,496,New York City,New York,United States
Globex,help@globex.com,2025-06-13,Referral,10000.0,True,001A000001,1000000.0,2025-03-08,,,Notes_Flag,1.0,0.4717,32.0,189,San Francisco,California,United States
Acme Corp,contact@acme.com,2020-01-01,Social Media,10000.0,True,,5000000.0,,,,Notes_Flag,,,,206,Chicago,Illinois,United States
Umbrella,,2024-08-15,Referral,10000.0,False,,1000000.0,2024-08-08,,North America,,0.1,0.67,23.0,492,New York City,New York,United States
Acme Corp,contact@acme.com,2022-12-01,Email Campaign,50000.0,True,001A000001,2500000.0,,,North America,,,0.2341,24.0,377,San Francisco,California,United States
Globex,help@globex.com,,,50000.0,True,,1000000.0,,"{""type"": ""B"", ""value"": 200}",North America,Notes_Flag,0.75,,16.0,93,Chicago,Illinois,United States
Soylent,,2022-12-01,Referral,25000.0,True,,2500000.0,2024-05-05,,North America,,0.1,0.7764,,429,,,United States
Acme Corp,contact@acme.com,2025-07-08,Email Campaign,25000.0,True,001A000001,1000000.0,2025-06-30,"{""type"": ""B"", ""value"": 200}",,,0.75,0.6687,1.0,339,San Francisco,California,United States
Soylent,,2020-01-01,Social Media,1000.0,True,,1000000.0,,,North America,Notes_Flag,0.75,,48.0,94,San Francisco,California,United States
Soylent,,2020-01-01,Trade Show,10000.0,True,001A000001,,2024-09-08,,North America,,0.1,0.4629,45.0,398,New York City,New York,United States
Acme Corp,contact@acme.com,2023-06-06,Email Campaign,10000.0,True,,1000000.0,,,North America,,1.0,0.495,,450,San Francisco,California,United States
Globex,help@globex.com,,Social Media,50000.0,True,001A000001,999999.0,,,,,0.1,,5.0,278,New York City,New York,United States
Globex,help@globex.com,,,10000.0,False,,2500000.0,,"{""type"": ""A"", ""value"": 100}",North America,,0.75,0.6485,20.0,222,New York City,New York,United States
Globex,help@globex.com,,Web,1000.0,True,,100000.0,,"{""type"": ""A"", ""value"": 100}",,Notes_Flag,0.5,0.2814,19.0,452,Chicago,Illinois,United States
Globex,help@globex.com,2020-01-01,Social Media,10000.0,False,001A000001,5000000.0,2024-05-05,,North America,,0.25,,,376,San Francisco,California,United States
Soylent,,2022-12-01,Trade Show,,True,,999999.0,,,,,0.5,0.6822,50.0,332,Chicago,Illinois,United States
Acme Corp,contact@acme.com,2023-08-08,Email Campaign,50000.0,True,001A000001,100000.0,,"{""type"": ""A"", ""value"": 100}",,,0.75,0.6374,1.0,465,New York City,New York,United States
Globex,help@globex.com,2020-01-01,,1000.0,True,,1000000.0,2024-05-05,"{""type"": ""A"", ""value"": 100}",North America,Notes_Flag,0.5,,13.0,110,San Francisco,California,United States
Globex,help@globex.com,2022-12-01,Referral,0.0,False,,1000000.0,2025-06-06,,North America,Notes_Flag,0.5,0.9779,,74,San Francisco,California,United States
Acme Corp,contact@acme.com,,Trade Show,50000.0,True,001C000003,1000000.0,2025-05-08,"{""type"": ""A"", ""value"": 100}",,Notes_Flag,0.5,0.2281,13.0,218,New York City,New York,United States
Globex,help@globex.com,2020-01-01,Social Media,25000.0,True,,2500000.0,,,North America,,1.0,,38.0,263,New York City,New York,United States
Umbrella,,2023-01-07,Referral,10000.0,False,,5000000.0,,,North America,Notes_Flag,0.75,0.0582,24.0,158,San Francisco,California,United States
Globex,help@globex.com,2023-07-25,,50000.0,True,,,,,North America,,0.1,0.2425,,457,New York City,New York,United States
Acme Corp,contact@acme.com,2020-01-01,Phone Inquiry,0.0,False,,5000000.0,,,North America,Notes_Flag,0.5,,15.0,177,Chicago,Illinois,United States
Wonka,,2020-01-01,Social Media,10000.0,True,001B000002,1000000.0,2024-05-05,,,,,0.9526,23.0,350,Chicago,Illinois,United States
Soylent,,2022-12-01,Email Campaign,50000.0,True,001A000001,1000000.0,,,North America,Notes_Flag,0.25,0.3861,6.0,396,New York City,New York,United States
Umbrella,,2020-01-01,Partner,50000.0,False,001C000003,1000000.0,,,,,0.25,,,491,San Francisco,California,United States
Soylent,,,Email Campaign,50000.0,False,001C000003,1000000.0,2024-09-28,,North America,,0.75,0.6322,41.0,18,Chicago,Illinois,United States
Soylent,,2024-04-29,Web,50000.0,False,001A000001,1000000.0,,"{""type"": ""A"", ""value"": 100}",North America,Notes_Flag,0.1,0.0255,45.0,477,Chicago,Illinois,United States
Soylent,,2022-12-01,Web,,True,001C000003,1000000.0,2024-05-05,"{""type"": ""A"", ""value"": 100}",North America,Notes_Flag,0.1,,29.0,416,Chicago,Illinois,United States
Umbrella,,,Referral,1000.0,True,,1000000.0,,"{""type"": ""B"", ""value"": 200}",,Notes_Flag,1.0,0.1563,,357,New York City,New York,United States
Umbrella,,,Email Campaign,50000.0,True,001A000001,5000000.0,,"{""type"": ""B"", ""value"": 200}",North America,Notes_Flag,1.0,0.8421,39.0,361,San Francisco,California,United States
,,2022-12-01,Referral,10000.0,False,,1000000.0,,,North America,Notes_Flag,0.5,,16.0,150,Chicago,Illinois,United States
Globex,help@globex.com,2024-09-21,Trade Show,10000.0,True,,1000000.0,,,,Notes_Flag,0.1,0.4456,21.0,112,Chicago,Illinois,United States
Globex,help@globex.com,,Referral,1000.0,False,001C000003,1000000.0,,,North America,,0.25,0.4585,,201,San Francisco,California,United States
Soylent,,2025-03-04,Trade Show,50000.0,True,001C000003,2500000.0,2024-08-26,"{""type"": ""B"", ""value"": 200}",North America,,0.25,,18.0,155,San Francisco,California,United States
Umbrella,,2022-12-01,,1000.0,False,001B000002,2500000.0,,,North America,,0.75,0.7348,40.0,62,,,United States
Globex,help@globex.com,2020-01-01,Trade Show,10000.0,True,,1000000.0,2025-05-25,,North America,Notes_Flag,,0.4882,6.0,331,New York City,New York,United States
Globex,help@globex.com,2020-01-01,Partner,50000.0,False,,1000000.0,2025-03-16,,North America,Notes_Flag,,,,490,Chicago,Illinois,United States
Umbrella,,2022-12-01,Trade Show,1000.0,False,001B000002,2500000.0,2024-10-21,,North America,,0.5,0.4178,14.0,352,Chicago,Illinois,United States
Umbrella,,2022-12-01,Partner,,False,001B000002,1000000.0,2024-11-30,"{""type"": ""B"", ""value"": 200}",North America,,0.1,0.1077,0.0,66,New York City,New York,United States
Globex,help@globex.com,,Social Media,10000.0,True,001B000002,1000000.0,2025-03-02,"{""type"": ""A"", ""value"": 100}",North America,,,,40.0,71,San Francisco,California,United States
Soylent,,2024-10-07,Social Media,50000.0,True,001B000002,1000000.0,2024-05-05,,North America,Notes_Flag,0.25,0.1581,,113,New York City,New York,United States
Globex,help@globex.com,2022-12-01,Social Media,,False,001B000002,2500000.0,2024-05-05,,,,0.75,0.9995,0.0,394,San Francisco,California,United States
Soylent,,2024-09-27,Social Media,10000.0,False,,999999.0,2024-05-05,"{""type"": ""A"", ""value"": 100}",North America,,0.5,,2.0,378,San Francisco,California,United States
Acme Corp,contact@acme.com,,Email Campaign,50000.0,False,,1000000.0,,"{""type"": ""B"", ""value"": 200}",,Notes_Flag,0.75,0.1138,46.0,145,Chicago,Illinois,United States
Globex,help@globex.com,2022-12-01,Email Campaign,50000.0,True,,5000000.0,,"{""type"": ""A"", ""value"": 100}",,Notes_Flag,0.1,0.2915,,10,New York City,New York,United States
Acme Corp,contact@acme.com,2024-07-10,Trade Show,50000.0,False,,999999.0,,"{""type"": ""B"", ""value"": 200}",North America,,1.0,,41.0,223,San Francisco,California,United States
Wonka,,2020-01-01,Email Campaign,1000.0,False,,1000000.0,2024-05-05,"{""type"": ""A"", ""value"": 100}",,,0.25,0.0397,19.0,18,San Francisco,California,United States
Globex,help@globex.com,2020-01-01,Social Media,50000.0,True,001A000001,5000000.0,2024-05-05,,,Notes_Flag,,0.7383,25.0,252,San Francisco,California,United States
Acme Corp,contact@acme.com,2020-01-01,Social Media,1000.0,True,001A000001,1000000.0,,"{""type"": ""A"", ""value"": 100}",North America,Notes_Flag,,,,147,San Francisco,California,United States
Acme Corp,contact@acme.com,2022-12-01,Trade Show,1000.0,True,001B000002,1000000.0,2024-05-05,"{""type"": ""B"", ""value"": 200}",North America,,0.25,0.5443,40.0,228,San Francisco,California,United States
Acme Corp,contact@acme.com,2022-12-01,Email Campaign,10000.0,True,001B000002,,,"{""type"": ""B"", ""value"": 200}",North America,,,0.6748,39.0,15,New York City,New York,United States
Umbrella,,2020-01-01,,25000.0,True,,,,"{""type"": ""A"", ""value"": 100}",North America,,0.25,,1.0,315,San Francisco,California,United States
Globex,help@globex.com,2022-12-01,,50000.0,True,001A000001,1000000.0,,"{""type"": ""A"", ""value"": 100}",North America,,1.0,0.4823,,482,San Francisco,California,United States
Umbrella,,2025-06-07,Email Campaign,1000.0,True,,1000000.0,,,North America,,1.0,0.4253,25.0,204,New York City,New York,United States
Umbrella,,2022-12-01,Email Campaign,1000.0,False,001A000001,5000000.0,,"{""type"": ""A"", ""value"": 100}",North America,,1.0,,24.0,353,New York City,New York,United States
Globex,help@globex.com,2025-03-03,Referral,50000.0,False,,1000000.0,2025-07-18,"{""type"": ""A"", ""value"": 100}",North America,,0.75,0.224,9.0,244,New York City,New York,United States
Globex,help@globex.com,,Referral,,False,,2500000.0,2024-05-05,"{""type"": ""B"", ""value"": 200}",,,1.0,0.8285,,171,New York City,New York,United States
Soylent,,2020-01-01,Trade Show,10000.0,True,,1000000.0,,,,Notes_Flag,,,23.0,441,New York City,New York,United States
Umbrella,,,,10000.0,True,001A000001,1000000.0,,,North America,Notes_Flag,1.0,0.9135,5.0,216,New York City,New York,United States
Globex,help@globex.com,2020-01-01,Trade Show,1000.0,True,,5000000.0,,"{""type"": ""B"", ""value"": 200}",North America,,0.1,0.3784,28.0,56,New York City,New York,United States
Globex,help@globex.com,2022-12-01,Trade Show,1000.0,True,001B000002,1000000.0,2025-05-27,,,Notes_Flag,0.25,,,264,San Francisco,California,United States
Soylent,,,Social Media,10000.0,False,001B000002,1000000.0,,"{""type"": ""A"", ""value"": 100}",North America,,1.0,0.1203,11.0,162,San Francisco,California,United States
Globex,help@globex.com,2022-12-01,Social Media,50000.0,True,001B000002,5000000.0,,"{""type"": ""A"", ""value"": 100}",,Notes_Flag,0.25,0.6338,34.0,242,Chicago,Illinois,United States
Acme Corp,contact@acme.com,2020-01-01,Email Campaign,1000.0,False,,5000000.0,2024-05-05,,,,0.5,,50.0,58,San Francisco,California,United States
Acme Corp,contact@acme.com,2020-01-01,Email Campaign,,False,001A000001,1000000.0,,,North America,Notes_Flag,,0.9779,,123,New York City,New York,United States
Acme Corp,contact@acme.com,2022-12-01,,1000.0,False,,1000000.0,2025-03-01,"{""type"": ""B"", ""value"": 200}",,,0.25,0.5289,26.0,225,,,
Soylent,,2024-09-15,Trade Show,25000.0,False,,5000000.0,2024-09-28,,North America,Notes_Flag,,,31.0,117,Chicago,Illinois,United States
Soylent,,2022-12-01,Referral,0.0,False,001B000002,1000000.0,,"{""type"": ""A"", ""value"": 100}",North America,Notes_Flag,1.0,0.1598,38.0,55,Chicago,Illinois,United States
Soylent,,2020-01-01,Referral,1000.0,True,,999999.0,,,North America,,1.0,0.3659,,59,San Francisco,California,United States
Acme Corp,contact@acme.com,2022-12-01,Social Media,10000.0,False,,1000000.0,2025-01-19,"{""type"": ""A"", ""value"": 100}",North America,Notes_Flag,0.5,,30.0,54,Chicago,Illinois,United States
Umbrella,,,Trade Show,10000.0,True,,1000000.0,,,North America,,0.1,0.1491,44.0,232,Chicago,Illinois,United States
Globex,help@globex.com,2020-01-01,Email Campaign,10000.0,True,,5000000.0,2024-05-05,,North America,,,0.1348,9.0,217,New York City,New York,United States
Initech,,2024-01-15,Partner,50000.0,True,001A000001,,,"{""type"": ""A"", ""value"": 100}",North America,,0.1,,,213,San Francisco,California,United States
Globex,help@globex.com,2024-01-01,Trade Show,10000.0,False,,5000000.0,,,North America,,0.75,0.1299,9.0,108,New York City,New York,United States
Soylent,,2022-12-01,Phone Inquiry,10000.0,False,,1000000.0,,,North America,,0.75,0.7647,32.0,444,San Francisco,California,United States
Umbrella,,2025-05-07,Email Campaign,50000.0,False,,1000000.0,,,North America,,0.75,,20.0,491,San Francisco,California,United States
Umbrella,,2025-05-05,Social Media,50000.0,True,001B000002,5000000.0,,,North America,,0.1,0.5985,,496,San Francisco,California,United States
Globex,help@globex.com,2022-12-01,Social Media,50000.0,True,001A000001,1000000.0,,"{""type"": ""A"", ""value"": 100}",North America,Notes_Flag,0.5,0.2718,43.0,403,New York City,New York,United States
Umbrella,,2024-12-23,Social Media,10000.0,False,,2500000.0,,,North America,Notes_Flag,0.1,,27.0,478,San Francisco,California,United States
Initech,,2022-12-01,Social Media,10000.0,True,,5000000.0,2024-10-21,"{""type"": ""B"", ""value"": 200}",North America,,1.0,0.9359,4.0,301,Chicago,Illinois,United States
Umbrella,,2025-05-07,Phone Inquiry,1000.0,False,001A000001,1000000.0,,"{""type"": ""B"", ""value"": 200}",North America,Notes_Flag,0.75,0.6643,,167,San Francisco,California,United States
Globex,help@globex.com,2024-09-12,Email Campaign,1000.0,True,001A000001,999999.0,,,,,0.1,,27.0,155,San Francisco,California,United States
Acme Corp,contact@acme.com,2025-07-08,Email Campaign,50000.0,False,001B000002,1000000.0,,,North America,,,0.3624,14.0,47,Chicago,Illinois,United States
Acme Corp,contact@acme.com,2020-01-01,Trade Show,1000.0,False,,1000000.0,,"{""type"": ""A"", ""value"": 100}",,Notes_Flag,,0.955,39.0,189,San Francisco,California,United States
Acme Corp,contact@acme.com,2024-11-20,Social Media,0.0,False,001C000003,1000000.0,2025-03-28,"{""type"": ""B"", ""value"": 200}",North America,,,,,359,San Francisco,California,United States
Globex,help@globex.com,2022-12-01,Social Media,,True,001C000003,1000000.0,2024-05-05,,North America,Notes_Flag,0.5,0.8878,38.0,292,San Francisco,California,United States
Soylent,,2022-12-01,Social Media,0.0,False,,,,"{""type"": ""B"", ""value"": 200}",North America,Notes_Flag,0.1,0.361,20.0,352,New York City,New York,United States
Umbrella,,2022-12-01,,,False,,1000000.0,,,,Notes_Flag,0.1,,35.0,37,Chicago,Illinois,United States
Umbrella,,,Trade Show,50000.0,False,001C000003,1000000.0,2024-05-05,"{""type"": ""B"", ""value"": 200}",,,,0.1364,,402,Chicago,Illinois,United States
Soylent,,2022-12-01,Email Campaign,25000.0,True,001B000002,2500000.0,,"{""type"": ""A"", ""value"": 100}",North America,,0.25,0.2082,5.0,117,San Francisco,California,United States
Globex,help@globex.com,2022-12-01,Trade Show,0.0,False,001A000001,999999.0,2024-05-05,"{""type"": ""B"", ""value"": 200}",North America,Notes_Flag,,,49.0,422,,,United States
Acme Corp,contact@acme.com,2025-06-24,Social Media,50000.0,False,,1000000.0,,"{""type"": ""A"", ""value"": 100}",,,0.25,0.5447,19.0,70,New York City,New York,United States
Umbrella,,2024-12-26,Trade Show,10000.0,False,,1000000.0,2025-04-26,"{""type"": ""B"", ""value"": 200}",North America,Notes_Flag,0.1,0.8753,,149,,,United States
Globex,help@globex.com,2024-08-31,Referral,1000.0,True,001A000001,1000000.0,,,North America,,,,48.0,355,Chicago,Illinois,United States
Globex,help@globex.com,2022-12-01,Email Campaign,50000.0,False,001B000002,1000000.0,,"{""type"": ""B"", ""value"": 200}",North America,,0.75,0.0386,18.0,162,Chicago,Illinois,United States
Globex,help@globex.com,2024-03-24,,,False,001A000001,1000000.0,,,North America,,0.75,0.6717,38.0,212,San Francisco,California,United States
Acme Corp,contact@acme.com,2024-09-01,Email Campaign,50000.0,True,,5000000.0,2025-02-28,,,,0.25,,,207,,,United States
Globex,help@globex.com,2022-12-01,,50000.0,True,,1000000.0,,,North America,,0.1,0.27,44.0,417,New York City,New York,United States
Soylent,,2025-05-07,Email Campaign,10000.0,True,,1000000.0,,,North America,,,0.8055,6.0,239,New York City,New York,United States
Umbrella,,2024-06-06,Trade Show,,False,001B000002,1000000.0,2024-05-05,"{""type"": ""B"", ""value"": 200}",North America,,0.5,,11.0,347,New York City,New York,United States
Acme Corp,contact@acme.com,2025-06-09,,,True,001B000002,1000000.0,2024-05-05,"{""type"": ""A"", ""value"": 100}",,,0.25,0.1807,,54,New York City,New York,United States
Umbrella,,,Web,,False,001C000003,1000000.0,2024-05-05,,,,0.1,0.31,31.0,31,San Francisco,California,United States
Globex,help@globex.com,2022-12-01,Phone Inquiry,10000.0,False,,2500000.0,,,North America,,0.25,,16.0,270,New York City,New York,United States
Acme Corp,contact@acme.com,2024-06-05,Trade Show,1000.0,True,001C000003,1000000.0,,,North America,Notes_Flag,0.1,0.0271,32.0,107,Chicago,Illinois,United States
Soylent,,,Social Media,10000.0,True,001C000003,5000000.0,,"{""type"": ""A"", ""value"": 100}",North America,,0.5,0.409,,218,,,United States
Globex,help@globex.com,2025-03-29,Social Media,50000.0,False,,1000000.0,2025-01-26,,,,,,5.0,70,San Francisco,California,United States
Soylent,,2025-06-30,Email Campaign,10000.0,True,,1000000.0,2025-05-30,,,,1.0,0.3949,26.0,305,San Francisco,California,United States
Acme Corp,contact@acme.com,2025-07-22,Email Campaign,50000.0,True,001B000002,100000.0,,"{""type"": ""A"", ""value"": 100}",North America,Notes_Flag,0.1,0.2456,10.0,238,San Francisco,California,United States
Globex,help@globex.com,2020-01-01,Social Media,1000.0,True,,1000000.0,2024-08-08,,North America,,1.0,,,259,San Francisco,California,United States
Wonka,,2020-01-01,Referral,50000.0,False,001C000003,5000000.0,,"{""type"": ""B"", ""value"": 200}",North America,Notes_Flag,0.75,0.6719,34.0,69,New York City,New York,United States
Soylent,,,Email Campaign,50000.0,False,001C000003,1000000.0,,"{""type"": ""A"", ""value"": 100}",North America,Notes_Flag,0.25,0.2437,48.0,149,New York City,New York,United States
Acme Corp,contact@acme.com,2022-12-01,,50000.0,True,001A000001,1000000.0,2024-05-05,,North America,,0.25,,49.0,265,San Francisco,California,United States
Acme Corp,contact@acme.com,2024-05-12,Email Campaign,10000.0,True,,2500000.0,2024-12-01,"{""type"": ""A"", ""value"": 100}",North America,Notes_Flag,0.25,0.1393,,155,San Francisco,California,United States
Initech,,2024-11-17,Web,50000.0,True,,100000.0,,"{""type"": ""B"", ""value"": 200}",North America,,0.75,0.8969,34.0,97,San Francisco,California,United States
Acme Corp,contact@acme.com,2024-12-30,Email Campaign,,True,001A000001,1000000.0,,"{""type"": ""B"", ""value"": 200}",North America,,,,2.0,352,,,United States
Umbrella,,2022-12-01,Trade Show,,False,001C000003,1000000.0,,,North America,,0.25,0.3208,18.0,218,,,United States
Globex,help@globex.com,2023-03-05,Trade Show,0.0,False,001C000003,2500000.0,2024-05-05,,,,0.5,0.054,,470,Chicago,Illinois,United States
Initech,,,Referral,50000.0,False,,1000000.0,,,North America,,0.1,,27.0,83,Chicago,Illinois,United States
Soylent,,2022-12-01,Email Campaign,50000.0,False,001B000002,1000000.0,,,North America,,1.0,0.8008,13.0,21,Chicago,Illinois,United States
Acme Corp,contact@acme.com,2025-01-09,Trade Show,10000.0,True,,1000000.0,2025-06-22,,North America,Notes_Flag,,0.1162,25.0,76,Chicago,Illinois,United States
Umbrella,,2022-12-01,Email Campaign,10000.0,True,,2500000.0,2024-05-05,"{""type"": ""A"", ""value"": 100}",,Notes_Flag,,,,185,Chicago,Illinois,United States
Acme Corp,contact@acme.com,2025-02-01,Social Media,10000.0,True,001C000003,1000000.0,,"{""type"": ""A"", ""value"": 100}",North America,Notes_Flag,0.5,0.2601,18.0,299,New York City,New York,United States
,,,Referral,50000.0,False,,999999.0,,"{""type"": ""B"", ""value"": 200}",North America,Notes_Flag,0.75,0.2937,32.0,221,San Francisco,California,United States
Acme Corp,contact@acme.com,2022-12-01,Email Campaign,,True,001B000002,1000000.0,,"{""type"": ""A"", ""value"": 100}",North America,Notes_Flag,0.25,,29.0,138,New York City,New York,United States
Globex,help@globex.com,2022-12-01,Email Campaign,0.0,True,001A000001,1000000.0,2025-04-23,"{""type"": ""A"", ""value"": 100}",,Notes_Flag,0.75,0.9624,,122,San Francisco,California,United States
Soylent,,2022-12-01,Social Media,,True,,1000000.0,,,,,0.5,0.1344,43.0,293,Chicago,Illinois,United States
Umbrella,,2024-11-26,Trade Show,1000.0,False,,1000000.0,2024-05-05,,North America,Notes_Flag,1.0,,41.0,401,Chicago,Illinois,United States
Globex,help@globex.com,2025-04-07,Social Media,50000.0,False,001B000002,1000000.0,2024-05-05,,North America,,1.0,0.2684,46.0,32,Chicago,Illinois,United States
Acme Corp,contact@acme.com,2022-12-01,Trade Show,1000.0,True,,5000000.0,2024-05-05,,North America,,0.25,0.3836,,12,New York City,New York,United States
Umbrella,,2022-12-01,Trade Show,1000.0,False,001A000001,1000000.0,2024-05-05,"{""type"": ""B"", ""value"": 200}",North America,,,,3.0,61,New York City,New York,United States
Soylent,,2024-07-31,Email Campaign,,False,001C000003,100000.0,,"{""type"": ""B"", ""value"": 200}",,,1.0,0.4815,50.0,461,San Francisco,California,United States
Umbrella,,,Referral,10000.0,False,,5000000.0,,"{""type"": ""B"", ""value"": 200}",North America,Notes_Flag,1.0,0.1449,6.0,491,New York City,New York,United States
Umbrella,,2023-09-17,,,False,001A000001,1000000.0,2024-05-05,"{""type"": ""A"", ""value"": 100}",,Notes_Flag,,,,27,Chicago,Illinois,United States
Acme Corp,contact@acme.com,2020-01-01,Trade Show,0.0,False,,2500000.0,,,,,0.5,0.5657,49.0,214,New York City,New York,United States
Soylent,,2024-03-07,Email Campaign,,True,001C000003,,2025-01-22,,North America,Notes_Flag,0.25,0.7038,0.0,394,New York City,New York,United States
Globex,help@globex.com,,Social Media,50000.0,False,,1000000.0,2025-01-17,"{""type"": ""A"", ""value"": 100}",North America,,1.0,,32.0,481,San Francisco,California,United States
Umbrella,,2022-12-01,Email Campaign,50000.0,False,001C000003,1000000.0,,,North America,,0.1,0.5236,,472,Chicago,Illinois,United States
Umbrella,,,Trade Show,1000.0,False,001B000002,1000000.0,,,North America,,1.0,0.4147,25.0,127,New York City,New York,United States
Acme Corp,contact@acme.com,2022-12-01,Referral,10000.0,True,,1000000.0,,"{""type"": ""A"", ""value"": 100}",,,0.5,,14.0,94,San Francisco,California,United States
Acme Corp,contact@acme.com,2020-01-01,Trade Show,50000.0,True,,1000000.0,,,,,0.25,0.7111,19.0,365,Chicago,Illinois,United States
Globex,help@globex.com,2023-12-22,Referral,1000.0,True,,1000000.0,2025-06-29,"{""type"": ""B"", ""value"": 200}",North America,,0.1,0.3609,,370,,,United States
Globex,help@globex.com,,Referral,50000.0,True,,5000000.0,,,North America,Notes_Flag,0.1,,11.0,124,San Francisco,California,United States
Wonka,,2023-11-02,Partner,10000.0,False,001A000001,1000000.0,2025-03-14,"{""type"": ""B"", ""value"": 200}",North America,,0.25,0.3706,37.0,5,Chicago,Illinois,United States
Globex,help@globex.com,2022-12-24,Email Campaign,10000.0,False,,100000.0,,"{""type"": ""A"", ""value"": 100}",North America,Notes_Flag,0.75,0.9472,40.0,418,New York City,New York,United States
Globex,help@globex.com,2022-12-01,Email Campaign,,True,,1000000.0,2024-05-05,,,,0.1,,,182,San Francisco,California,United States
Globex,help@globex.com,2024-09-19,Email Campaign,1000.0,False,001A000001,1000000.0,,,North America,Notes_Flag,1.0,0.2619,9.0,413,New York City,New York,United States
Umbrella,,2020-01-01,Social Media,50000.0,False,001B000002,2500000.0,2024-05-05,"{""type"": ""A"", ""value"": 100}",North America,,0.75,0.8897,32.0,207,San Francisco,California,United States
Acme Corp,contact@acme.com,2020-01-01,Trade Show,25000.0,False,001A000001,1000000.0,2024-05-05,,,,0.1,,19.0,329,Chicago,Illinois,United States
Umbrella,,2020-01-01,Partner,50000.0,True,,1000000.0,2025-06-10,"{""type"": ""A"", ""value"": 100}",North America,,0.1,0.6427,,363,New York City,New York,United States
Umbrella,,2022-12-01,Trade Show,,False,001C000003,1000000.0,,,North America,Notes_Flag,0.75,0.4945,50.0,315,New York City,New York,United States
Globex,help@globex.com,2023-04-26,Web,10000.0,False,,1000000.0,,,North America,,0.25,,3.0,374,Chicago,Illinois,United States
Globex,help@globex.com,,Web,50000.0,True,,100000.0,,"{""type"": ""A"", ""value"": 100}",North America,,1.0,0.3345,47.0,237,Chicago,Illinois,United States
Umbrella,,2022-12-01,Social Media,,True,,1000000.0,2025-04-15,"{""type"": ""A"", ""value"": 100}",,,0.5,0.2894,,459,New York City,New York,United States
Soylent,,2025-04-22,Social Media,10000.0,False,,1000000.0,,"{""type"": ""B"", ""value"": 200}",North America,,0.25,,22.0,313,Chicago,Illinois,United States
Umbrella,,,Email Campaign,10000.0,True,001B000002,100000.0,2025-07-21,"{""type"": ""A"", ""value"": 100}",North America,,,0.3783,28.0,232,Chicago,Illinois,United States
Soylent,,2024-12-04,,50000.0,False,001B000002,1000000.0,2024-05-05,"{""type"": ""A"", ""value"": 100}",North America,Notes_Flag,0.5,0.1491,32.0,419,,,
Acme Corp,contact@acme.com,2022-12-01,Phone Inquiry,50000.0,True,,100000.0,2025-04-06,"{""type"": ""A"", ""value"": 100}",North America,,0.1,,,48,San Francisco,California,United States
Soylent,,2020-01-01,Trade Show,50000.0,False,001A000001,999999.0,2024-05-05,,North America,Notes_Flag,1.0,0.6323,6.0,177,San Francisco,California,United States
Acme Corp,contact@acme.com,,Referral,,False,,5000000.0,2024-05-05,,North America,,1.0,0.624,19.0,265,Chicago,Illinois,United States
Umbrella,,2022-12-01,Web,50000.0,False,001B000002,1000000.0,,,North America,,0.25,,5.0,230,San Francisco,California,United States
,,2025-04-20,,1000.0,True,,1000000.0,2024-05-05,"{""type"": ""B"", ""value"": 200}",North America,Notes_Flag,0.75,0.9381,,9,Chicago,Illinois,United States
Acme Corp,contact@acme.com,2025-07-29,Email Campaign,25000.0,False,001B000002,1000000.0,,"{""type"": ""B"", ""value"": 200}",,Notes_Flag,0.25,0.3586,11.0,125,New York City,New York,United States
Umbrella,,2022-12-01,Referral,0.0,True,001C000003,1000000.0,,"{""type"": ""B"", ""value"": 200}",North America,,0.1,,12.0,180,New York City,New York,United States
Soylent,,,Email Campaign,50000.0,True,,1000000.0,,,,,0.5,0.2182,19.0,92,Chicago,Illinois,United States
Acme Corp,contact@acme.com,2020-01-01,Social Media,1000.0,False,,100000.0,,,North America,,0.75,0.6383,,377,Chicago,Illinois,United States
Globex,help@globex.com,,Email Campaign,1000.0,,001B000002,100000.0,2025-01-16,"{""type"": ""B"", ""value"": 200}",North America,Notes_Flag,,,35.0,228,San Francisco,California,United States
Globex,help@globex.com,2024-04-30,Email Campaign,10000.0,False,001B000002,999999.0,2024-10-20,,North America,,0.75,0.5502,4.0,217,San Francisco,California,United States
Globex,help@globex.com,2022-12-01,,50000.0,False,,1000000.0,2024-11-19,,,Notes_Flag,0.1,0.6257,20.0,341,Chicago,Illinois,United States
Initech,,2025-07-30,Partner,1000.0,True,,1000000.0,,,North America,,1.0,,,497,,,United States
Globex,help@globex.com,,Email Campaign,,True,,1000000.0,,"{""type"": ""A"", ""value"": 100}",North America,Notes_Flag,0.5,0.161,42.0,462,New York City,New York,United States
Umbrella,,2020-01-01,Email Campaign,10000.0,True,001B000002,1000000.0,2024-10-17,,North America,Notes_Flag,0.25,0.7779,43.0,287,New York City,New York,United States
Initech,,,Referral,50000.0,True,001C000003,1000000.0,2025-02-08,,,,0.1,,37.0,79,Chicago,Illinois,United States
Umbrella,,,Referral,1000.0,False,,1000000.0,,,,,,0.752,,155,Chicago,Illinois,United States
Soylent,,,Email Campaign,25000.0,False,001A000001,1000000.0,,,,,0.5,0.8664,36.0,22,New York City,New York,United States
Globex,help@globex.com,2022-12-01,Social Media,,False,,1000000.0,2024-05-05,,North America,Notes_Flag,1.0,,10.0,138,San Francisco,California,United States
Umbrella,,2020-01-01,Web,25000.0,True,001C000003,1000000.0,,,North America,Notes_Flag,0.25,0.4898,26.0,257,New York City,New York,United States
Wonka,,2022-12-01,Social Media,25000.0,True,,2500000.0,2024-05-05,,,Notes_Flag,,0.012,,217,New York City,New York,United States
Globex,help@globex.com,2020-01-01,Web,1000.0,True,001B000002,5000000.0,2024-12-22,,North America,,0.25,,25.0,201,San Francisco,California,United States
Umbrella,,2023-03-19,Social Media,,False,,1000000.0,,,North America,,0.1,0.9601,23.0,58,Chicago,Illinois,United States
Umbrella,,2022-11-07,Referral,50000.0,True,001C000003,2500000.0,,,,Notes_Flag,,0.5211,38.0,344,Chicago,Illinois,United States
Globex,help@globex.com,,Referral,0.0,False,,1000000.0,,"{""type"": ""B"", ""value"": 200}",North America,,0.75,,,277,San Francisco,California,United States
Globex,help@globex.com,2025-03-31,Referral,50000.0,False,,100000.0,,,,,0.75,0.7135,32.0,87,New York City,New York,United States
Umbrella,,,Trade Show,50000.0,True,001C000003,2500000.0,2024-05-05,"{""type"": ""B"", ""value"": 200}",North America,Notes_Flag,1.0,0.0349,36.0,465,Chicago,Illinois,United States
Umbrella,,,Email Campaign,1000.0,True,001C000003,1000000.0,,"{""type"": ""A"", ""value"": 100}",North America,,0.5,,31.0,410,Chicago,Illinois,United States
Umbrella,,,Social Media,1000.0,True,001A000001,2500000.0,,,,,1.0,0.3309,,15,New York City,New York,United States
Globex,help@globex.com,2024-06-24,Phone Inquiry,50000.0,False,001A000001,100000.0,,"{""type"": ""A"", ""value"": 100}",North America,Notes_Flag,0.1,0.6784,15.0,284,San Francisco,California,United States
Globex,help@globex.com,2022-12-01,Trade Show,50000.0,False,001C000003,1000000.0,2025-02-28,,,Notes_Flag,0.5,,50.0,276,Chicago,Illinois,United States
Globex,help@globex.com,2025-06-29,Social Media,,False,001C000003,100000.0,,,North America,,,0.9259,16.0,419,New York City,New York,United States
Wonka,,2022-12-01,Web,10000.0,False,001B000002,100000.0,,"{""type"": ""B"", ""value"": 200}",North America,Notes_Flag,0.25,0.2001,,236,New York City,New York,United States
Umbrella,,,Trade Show,10000.0,False,,1000000.0,2025-03-22,,North America,Notes_Flag,0.1,,2.0,164,New York City,New York,United States
Soylent,,2025-02-17,Referral,50000.0,True,,100000.0,,,,,1.0,0.5074,31.0,175,Chicago,Illinois,United States
Globex,help@globex.com,2024-06-12,Phone Inquiry,50000.0,True,001A000001,1000000.0,2025-05-30,,North America,Notes_Flag,0.1,0.8189,40.0,440,San Francisco,California,United States
Acme Corp,contact@acme.com,2024-08-30,,10000.0,True,001A000001,2500000.0,,"{""type"": ""A"", ""value"": 100}",North America,,,,,397,San Francisco,California,United States
Soylent,,2024-09-10,Email Campaign,,False,001B000002,5000000.0,,,North America,,,0.8831,24.0,318,San Francisco,California,United States
Soylent,,2025-05-18,Social Media,,False,001B000002,1000000.0,,"{""type"": ""A"", ""value"": 100}",North America,,1.0,0.3915,23.0,357,Chicago,Illinois,United States
Acme Corp,contact@acme.com,,Partner,,True,001C000003,1000000.0,,,North America,,0.5,,30.0,81,Chicago,Illinois,United States
Umbrella,,2022-12-01,Referral,1000.0,True,,,,,,,0.5,0.2574,,281,New York City,New York,United States
Acme Corp,contact@acme.com,,Referral,10000.0,False,001A000001,1000000.0,,,North America,,0.1,0.4549,35.0,479,San Francisco,California,United States
Soylent,,2025-06-07,Referral,10000.0,True,001A000001,1000000.0,2024-08-20,,,Notes_Flag,1.0,,20.0,60,San Francisco,California,United States
Soylent,,,Social Media,10000.0,True,001B000002,100000.0,,,,,0.25,0.9347,12.0,241,Chicago,Illinois,United States
Soylent,,2025-06-22,Trade Show,,True,,5000000.0,2024-11-25,,North America,Notes_Flag,0.5,0.8419,,34,San Francisco,California,United States
Soylent,,2022-12-01,Phone Inquiry,25000.0,False,001A000001,,2024-05-05,"{""type"": ""A"", ""value"": 100}",North America,,0.1,,7.0,96,Chicago,Illinois,United States
Soylent,,2023-03-20,Referral,0.0,False,,1000000.0,,"{""type"": ""A"", ""value"": 100}",North America,Notes_Flag,,0.9085,35.0,192,Chicago,Illinois,United States
Soylent,,2023-07-12,Email Campaign,50000.0,True,,1000000.0,,"{""type"": ""B"", ""value"": 200}",North America,Notes_Flag,0.25,0.6318,8.0,326,Chicago,Illinois,United States
Initech,,2022-12-01,Trade Show,25000.0,True,001C000003,1000000.0,,"{""type"": ""B"", ""value"": 200}",North America,,0.5,,,28,Chicago,Illinois,United States
Globex,help@globex.com,2023-10-22,Email Campaign,10000.0,False,,1000000.0,,"{""type"": ""A"", ""value"": 100}",,Notes_Flag,0.5,0.7518,7.0,90,San Francisco,California,United States
Soylent,,,Social Media,50000.0,False,001A000001,999999.0,2024-10-21,"{""type"": ""B"", ""value"": 200}",,,0.25,0.0513,15.0,473,San Francisco,California,United States
Umbrella,,,Email Campaign,10000.0,False,001A000001,1000000.0,,,,,0.75,,15.0,206,Chicago,Illinois,United States
Umbrella,,2023-09-16,Social Media,1000.0,False,,1000000.0,,"{""type"": ""B"", ""value"": 200}",North America,,0.75,0.2573,,346,Chicago,Illinois,United States
Soylent,,2025-05-16,Referral,1000.0,True,001C000003,5000000.0,,,,,0.1,0.4692,5.0,213,San Francisco,California,United States
Umbrella,,2022-12-01,Trade Show,10000.0,False,001C000003,1000000.0,2024-05-05,,North America,,0.5,,9.0,218,Chicago,Illinois,United States
Umbrella,,2023-02-17,Social Media,10000.0,False,,2500000.0,,"{""type"": ""B"", ""value"": 200}",,,0.1,0.8378,28.0,171,Chicago,Illinois,United States
Acme Corp,contact@acme.com,2024-12-04,Trade Show,25000.0,False,001A000001,1000000.0,,,North America,,,0.3722,,146,New York City,New York,United States
Globex,help@globex.com,,,0.0,True,,1000000.0,,"{""type"": ""A"", ""value"": 100}",North America,Notes_Flag,0.1,,40.0,109,New York City,New York,United States
Umbrella,,2025-01-04,Trade Show,,True,001A000001,2500000.0,2025-01-03,,North America,Notes_Flag,1.0,0.6522,15.0,408,San Francisco,California,United States
Umbrella,,2024-08-24,Phone Inquiry,0.0,True,,100000.0,2024-05-05,"{""type"": ""A"", ""value"": 100}",North America,Notes_Flag,,0.8325,35.0,323,San Francisco,California,United States
Soylent,,,Social Media,1000.0,False,,1000000.0,,"{""type"": ""A"", ""value"": 100}",North America,,0.75,,,457,San Francisco,California,United States
Umbrella,,2025-04-11,Referral,50000.0,True,,999999.0,2024-05-05,"{""type"": ""B"", ""value"": 200}",North America,,,0.7277,6.0,75,Chicago,Illinois,United States
Umbrella,,2025-05-19,,50000.0,True,001B000002,2500000.0,,,North America,,0.75,0.9974,42.0,157,New York City,New York,United States
Umbrella,,2023-02-04,Social Media,25000.0,False,,2500000.0,2025-03-06,"{""type"": ""A"", ""value"": 100}",North America,,0.75,,29.0,471,San Francisco,California,United States
Globex,help@globex.com,2025-06-20,Referral,1000.0,True,001C000003,2500000.0,,,North America,,0.1,0.5255,,328,,,
Acme Corp,contact@acme.com,2025-04-22,Email Campaign,25000.0,True,001A000001,5000000.0,2024-05-05,,North America,Notes_Flag,0.1,0.2951,14.0,7,San Francisco,California,United States
Wonka,,2024-04-04,Email Campaign,1000.0,True,001C000003,1000000.0,,"{""type"": ""B"", ""value"": 200}",,,0.1,,15.0,290,San Francisco,California,United States
Umbrella,,2024-07-05,Partner,0.0,False,001B000002,1000000.0,,,,Notes_Flag,,0.8491,28.0,195,New York City,New York,United States
Initech,,,Social Media,10000.0,True,,5000000.0,,,North America,Notes_Flag,0.75,0.4832,,63,Chicago,Illinois,United States
Globex,help@globex.com,2023-01-13,Social Media,10000.0,True,001A000001,1000000.0,,,,Notes_Flag,,,0.0,270,Chicago,Illinois,United States
Globex,help@globex.com,2020-01-01,Social Media,1000.0,False,001C000003,2500000.0,,"{""type"": ""B"", ""value"": 200}",North America,Notes_Flag,1.0,0.9011,39.0,175,San Francisco,California,United States
Globex,help@globex.com,,,10000.0,True,,2500000.0,2024-11-01,,,,,0.266,4.0,14,San Francisco,California,United States
Umbrella,,2025-03-19,Trade Show,50000.0,True,001A000001,1000000.0,2024-08-25,,North America,,0.75,,,5,New York City,New York,United States
Soylent,,2024-04-30,Referral,50000.0,True,001A000001,1000000.0,2024-11-01,"{""type"": ""B"", ""value"": 200}",North America,,,0.0223,7.0,80,Chicago,Illinois,United States
Acme Corp,contact@acme.com,2022-12-01,Social Media,25000.0,False,001A000001,2500000.0,,,,,0.25,0.4204,13.0,159,New York City,New York,United States
Globex,help@globex.com,2020-01-01,Web,1000.0,True,001A000001,1000000.0,2024-05-05,,North America,,1.0,,32.0,128,San Francisco,California,United States
Globex,help@globex.com,2020-01-01,Web,0.0,False,001A000001,100000.0,2025-04-03,,,Notes_Flag,0.1,0.563,,240,Chicago,Illinois,United States
Soylent,,2023-12-04,Referral,1000.0,False,,1000000.0,2024-11-08,,North America,,1.0,0.3309,45.0,207,Chicago,Illinois,United States
Umbrella,,2024-08-08,Email Campaign,1000.0,True,001B000002,2500000.0,,,North America,Notes_Flag,,,2.0,205,San Francisco,California,United States
Umbrella,,2023-11-28,Social Media,50000.0,True,,,2025-05-28,"{""type"": ""B"", ""value"": 200}",,,0.75,0.1651,44.0,83,Chicago,Illinois,United States
Globex,help@globex.com,2025-03-07,Referral,1000.0,True,,5000000.0,,,North America,,0.25,0.334,,497,Chicago,Illinois,United States
Soylent,,,Referral,,False,001C000003,1000000.0,2024-05-05,"{""type"": ""A"", ""value"": 100}",North America,Notes_Flag,0.1,,2.0,72,Chicago,Illinois,United States
Soylent,,2022-12-01,Email Campaign,10000.0,True,,100000.0,2025-06-22,,North America,,0.75,0.589,28.0,203,Chicago,Illinois,United States
Umbrella,,2024-08-08,Web,1000.0,False,001C000003,1000000.0,2024-09-30,,North America,,0.5,0.4418,2.0,444,Chicago,Illinois,United States
Acme Corp,contact@acme.com,,Email Campaign,1000.0,,,1000000.0,2024-05-05,,North America,,1.0,,,426,New York City,New York,United States
Umbrella,,,Email Campaign,50000.0,True,001C000003,5000000.0,2025-05-13,,,,0.75,0.6087,3.0,346,Chicago,Illinois,United States
Globex,help@globex.com,,Referral,0.0,True,001A000001,1000000.0,2024-05-05,,North America,,1.0,0.3035,20.0,285,San Francisco,California,United States
Globex,help@globex.com,,Email Campaign,,True,001B000002,2500000.0,,,North America,Notes_Flag,,,4.0,44,San Francisco,California,United States
Acme Corp,contact@acme.com,,Email Campaign,1000.0,True,,2500000.0,2025-06-23,"{""type"": ""A"", ""value"": 100}",North America,,0.25,0.6777,,35,San Francisco,California,United States
Globex,help@globex.com,,Referral,10000.0,False,001B000002,1000000.0,2024-11-03,"{""type"": ""A"", ""value"": 100}",,,0.25,0.1855,12.0,361,New York City,New York,United States
Acme Corp,contact@acme.com,2022-12-01,Referral,50000.0,False,001C000003,2500000.0,,,North America,Notes_Flag,0.75,,15.0,62,Chicago,Illinois,United States
Soylent,,2022-12-01,Trade Show,50000.0,True,,1000000.0,,,North America,,0.5,0.1664,30.0,222,San Francisco,California,United States
Acme Corp,contact@acme.com,2023-08-04,Trade Show,1000.0,True,001C000003,1000000.0,2024-05-05,,North America,Notes_Flag,,0.1518,,466,New York City,New York,United States
Umbrella,,2023-02-05,Social Media,1000.0,True,001A000001,2500000.0,,"{""type"": ""B"", ""value"": 200}",,Notes_Flag,,,14.0,471,San Francisco,California,United States
Globex,help@globex.com,,Partner,50000.0,False,001A000001,1000000.0,,,North America,Notes_Flag,1.0,0.6387,4.0,389,Chicago,Illinois,United States
Soylent,,,Social Media,50000.0,True,001A000001,1000000.0,2024-05-05,,North America,Notes_Flag,0.25,0.4861,33.0,379,San Francisco,California,United States
Acme Corp,contact@acme.com,2025-06-27,Social Media,,False,001C000003,1000000.0,,"{""type"": ""B"", ""value"": 200}",North America,,0.5,,,183,New York City,New York,United States
Globex,help@globex.com,,Email Campaign,0.0,True,001B000002,100000.0,,,North America,Notes_Flag,0.1,0.5123,37.0,237,New York City,New York,United States
Wonka,,2025-07-09,Trade Show,50000.0,False,,1000000.0,,,North America,,0.5,0.2033,2.0,293,New York City,New York,United States
Umbrella,,2025-07-15,Referral,50000.0,False,001A000001,2500000.0,,,North America,Notes_Flag,0.75,,27.0,449,San Francisco,California,United States
Globex,help@globex.com,2025-01-13,Trade Show,,False,001C000003,,,"{""type"": ""A"", ""value"": 100}",North America,,0.5,0.6234,,383,New York City,New York,United States
Umbrella,,2025-01-03,Referral,50000.0,False,,1000000.0,2024-11-10,,North America,,0.5,0.7167,35.0,73,New York City,New York,United States
Acme Corp,contact@acme.com,2024-12-31,Trade Show,1000.0,False,,1000000.0,2024-05-05,,,,,,39.0,112,New York City,New York,United States
Soylent,,2024-10-31,Trade Show,25000.0,True,001A000001,2500000.0,2024-05-05,"{""type"": ""B"", ""value"": 200}",North America,,0.5,0.1651,4.0,491,San Francisco,California,United States
Umbrella,,2022-12-01,Referral,10000.0,True,001A000001,1000000.0,,,,Notes_Flag,0.25,0.9223,,272,Chicago,Illinois,United States
Globex,help@globex.com,2024-08-01,Trade Show,10000.0,True,,,,"{""type"": ""A"", ""value"": 100}",,Notes_Flag,,,50.0,61,New York City,New York,United States
Acme Corp,contact@acme.com,2022-12-01,Trade Show,1000.0,True,,1000000.0,2025-01-01,,North America,,1.0,0.3001,14.0,228,Chicago,Illinois,United States
Acme Corp,contact@acme.com,,Email Campaign,50000.0,False,,2500000.0,2025-06-15,"{""type"": ""A"", ""value"": 100}",North America,Notes_Flag,0.1,0.0188,31.0,83,,,United States
Acme Corp,contact@acme.com,,Trade Show,50000.0,False,,1000000.0,2024-05-05,,North America,,,,,342,,,United States
Umbrella,,2022-12-01,Referral,50000.0,False,001B000002,1000000.0,,,,,1.0,0.2685,41.0,86,New York City,New York,United States
Globex,help@globex.com,,Email Campaign,1000.0,False,,5000000.0,2024-05-05,"{""type"": ""A"", ""value"": 100}",North America,,0.75,0.6463,36.0,247,San Francisco,California,United States
Acme Corp,contact@acme.com,2022-12-01,Referral,50000.0,False,001C000003,,2024-05-05,"{""type"": ""B"", ""value"": 200}",North America,Notes_Flag,,,22.0,443,San Francisco,California,United States
Acme Corp,contact@acme.com,2023-12-10,Email Campaign,50000.0,True,001A000001,5000000.0,,"{""type"": ""B"", ""value"": 200}",North America,,1.0,0.313,,280,Chicago,Illinois,United States
Globex,help@globex.com,,Web,50000.0,False,,1000000.0,2025-01-08,,North America,Notes_Flag,0.5,0.0575,29.0,195,Chicago,Illinois,United States
Globex,help@globex.com,2024-04-02,Referral,10000.0,False,001B000002,5000000.0,2024-05-05,,,Notes_Flag,0.5,,25.0,93,New York City,New York,United States
Globex,help@globex.com,2023-02-18,Phone Inquiry,10000.0,False,,2500000.0,2024-05-05,,North America,Notes_Flag,0.25,0.2409,8.0,112,San Francisco,California,United States
Acme Corp,contact@acme.com,2024-04-08,Referral,,False,,1000000.0,,,North America,,0.75,0.7077,,116,Chicago,Illinois,United States
Initech,,2022-12-29,Referral,0.0,True,001A000001,1000000.0,2025-01-01,"{""type"": ""A"", ""value"": 100}",,,0.25,,29.0,433,Chicago,Illinois,United States
Acme Corp,contact@acme.com,2020-01-01,Referral,25000.0,False,001B000002,100000.0,,,North America,Notes_Flag,0.1,0.1131,16.0,198,New York City,New York,United States
Soylent,,2020-01-01,Trade Show,1000.0,False,001A000001,1000000.0,,"{""type"": ""A"", ""value"": 100}",,,0.1,0.7146,42.0,12,New York City,New York,United States
Umbrella,,2022-12-01,Trade Show,50000.0,False,001B000002,5000000.0,2024-10-14,"{""type"": ""B"", ""value"": 200}",North America,Notes_Flag,0.25,,,133,San Francisco,California,United States
Umbrella,,,Email Campaign,10000.0,False,001B000002,2500000.0,,,North America,Notes_Flag,1.0,0.2729,44.0,155,New York City,New York,United States
Umbrella,,,Phone Inquiry,25000.0,False,001B000002,1000000.0,2024-05-05,,,,1.0,0.7256,49.0,293,Chicago,Illinois,United States
Acme Corp,contact@acme.com,2020-01-01,Trade Show,50000.0,False,,1000000.0,,"{""type"": ""A"", ""value"": 100}",North America,Notes_Flag,1.0,,18.0,467,New York City,New York,United States
Umbrella,,2022-12-01,Email Campaign,50000.0,True,,100000.0,2025-04-12,,North America,Notes_Flag,0.25,0.2743,,340,Chicago,Illinois,United States
Globex,help@globex.com,,Email Campaign,,False,,100000.0,2025-06-13,"{""type"": ""A"", ""value"": 100}",North America,Notes_Flag,0.75,0.2597,47.0,371,New York City,New York,United States
Soylent,,,Social Media,50000.0,True,,100000.0,2024-05-05,"{""type"": ""B"", ""value"": 200}",North America,Notes_Flag,1.0,,19.0,184,,,United States
Soylent,,2022-12-01,Email Campaign,10000.0,False,001A000001,1000000.0,,,North America,,0.1,0.6532,33.0,490,San Francisco,California,United States
Globex,help@globex.com,2024-09-15,Social Media,0.0,True,,,,,North America,,0.5,0.554,,229,Chicago,Illinois,United States
Globex,help@globex.com,2024-11-02,Email Campaign,10000.0,False,,100000.0,2024-05-05,,,,0.1,,50.0,197,Chicago,Illinois,United States
Umbrella,,,Trade Show,50000.0,True,001C000003,2500000.0,2024-05-05,"{""type"": ""B"", ""value"": 200}",,Notes_Flag,0.25,0.0494,3.0,287,San Francisco,California,United States
Globex,help@globex.com,,,1000.0,True,,100000.0,,"{""type"": ""B"", ""value"": 200}",North America,,0.5,0.9705,44.0,335,Chicago,Illinois,United States
Acme Corp,contact@acme.com,,Trade Show,50000.0,False,,100000.0,,,North America,,0.5,,,42,Chicago,Illinois,United States
Globex,help@globex.com,2024-08-20,Partner,25000.0,False,001C000003,5000000.0,,,,Notes_Flag,0.75,0.5021,41.0,179,,,United States
Wonka,,2020-01-01,Email Campaign,50000.0,False,001A000001,1000000.0,,"{""type"": ""B"", ""value"": 200}",,Notes_Flag,0.75,0.0807,45.0,499,San Francisco,California,United States
Globex,help@globex.com,2024-03-12,,50000.0,False,,1000000.0,2024-05-05,,North America,,0.75,,16.0,465,New York City,New York,United States
Globex,help@globex.com,,Referral,10000.0,True,,1000000.0,,,North America,Notes_Flag,0.1,0.2099,,264,San Francisco,California,United States
Umbrella,,,Social Media,1000.0,True,,100000.0,2024-05-05,"{""type"": ""B"", ""value"": 200}",,Notes_Flag,,0.5013,35.0,422,New York City,New York,United States
Acme Corp,contact@acme.com,2022-12-01,Partner,50000.0,True,001A000001,1000000.0,,"{""type"": ""B"", ""value"": 200}",North America,,0.25,,4.0,192,Chicago,Illinois,United States
Soylent,,2023-12-07,Referral,1000.0,True,,2500000.0,2025-05-21,"{""type"": ""B"", ""value"": 200}",North America,,1.0,0.2463,24.0,318,San Francisco,California,United States
Umbrella,,,Social Media,50000.0,True,,1000000.0,,,,Notes_Flag,0.25,0.9232,,363,Chicago,Illinois,United States
Globex,help@globex.com,2022-12-01,Trade Show,50000.0,True,,1000000.0,,,North America,Notes_Flag,0.25,,20.0,359,San Francisco,California,United States
Acme Corp,contact@acme.com,2022-12-01,Email Campaign,10000.0,True,,1000000.0,,"{""type"": ""B"", ""value"": 200}",,Notes_Flag,0.25,0.5614,34.0,69,New York City,New York,United States
Umbrella,,,Email Campaign,50000.0,False,001C000003,1000000.0,,"{""type"": ""A"", ""value"": 100}",,,0.75,0.7134,8.0,400,New York City,New York,United States
Acme Corp,contact@acme.com,2025-05-19,Email Campaign,,True,,2500000.0,,,,Notes_Flag,0.1,,,73,San Francisco,California,United States
Umbrella,,2025-01-08,,50000.0,False,001C000003,999999.0,,,North America,,,0.5642,50.0,33,Chicago,Illinois,United States
Acme Corp,contact@acme.com,2022-12-01,,50000.0,True,001A000001,1000000.0,,,,Notes_Flag,0.5,0.2805,7.0,305,New York City,New York,United States
Soylent,,2022-12-01,Social Media,50000.0,True,001A000001,1000000.0,,,North America,,1.0,,4.0,70,New York City,New York,United States
Globex,help@globex.com,2025-01-05,Phone Inquiry,50000.0,False,001C000003,,,"{""type"": ""A"", ""value"": 100}",North America,,0.75,0.3581,,120,Chicago,Illinois,United States
Initech,,2025-07-02,Email Campaign,,True,,2500000.0,2025-02-20,,,,0.1,0.421,21.0,24,New York City,New York,United States
Soylent,,,,50000.0,True,,1000000.0,,,North America,,0.75,,20.0,158,Chicago,Illinois,United States
Umbrella,,,Phone Inquiry,50000.0,True,,2500000.0,2025-02-05,,,Notes_Flag,0.5,0.5712,1.0,429,San Francisco,California,United States
Umbrella,,,Email Campaign,25000.0,True,001B000002,1000000.0,,"{""type"": ""B"", ""value"": 200}",North America,Notes_Flag,0.75,0.021,,270,New York City,New York,United States
Umbrella,,,Referral,,False,,1000000.0,2024-11-21,"{""type"": ""B"", ""value"": 200}",,Notes_Flag,,,43.0,311,New York City,New York,United States
Globex,help@globex.com,2022-12-01,Trade Show,,True,,1000000.0,,,North America,,0.75,0.6385,40.0,257,Chicago,Illinois,United States
Acme Corp,contact@acme.com,,Partner,1000.0,True,001A000001,2500000.0,,,North America,,1.0,0.1696,3.0,65,San Francisco,California,United States
Umbrella,,,Trade Show,1000.0,True,,5000000.0,2025-07-18,"{""type"": ""A"", ""value"": 100}",North America,,0.5,,,194,New York City,New York,United States
Soylent,,2020-01-01,Trade Show,25000.0,False,,1000000.0,2025-01-09,,North America,,0.1,0.2342,36.0,129,San Francisco,California,United States
Acme Corp,contact@acme.com,,Trade Show,50000.0,False,001B000002,2500000.0,2025-03-23,,,,0.75,0.2362,14.0,16,Chicago,Illinois,United States
Globex,help@globex.com,,Social Media,1000.0,False,001C000003,1000000.0,,"{""type"": ""B"", ""value"": 200}",,Notes_Flag,0.5,,39.0,128,New York City,New York,United States
Globex,help@globex.com,2020-01-01,Social Media,50000.0,False,001C000003,1000000.0,,"{""type"": ""B"", ""value"": 200}",,Notes_Flag,0.25,0.9419,,209,New York City,New York,United States
Wonka,,,Trade Show,1000.0,False,,1000000.0,,"{""type"": ""A"", ""value"": 100}",North America,Notes_Flag,0.25,0.6486,42.0,239,New York City,New York,United States
Umbrella,,2022-12-01,Phone Inquiry,25000.0,False,,2500000.0,,,North America,,1.0,,27.0,112,Chicago,Illinois,United States
Globex,help@globex.com,,Phone Inquiry,,True,,1000000.0,,,North America,Notes_Flag,0.25,0.4177,42.0,103,Chicago,Illinois,United States
Soylent,,2022-12-01,,1000.0,False,001A000001,2500000.0,,"{""type"": ""B"", ""value"": 200}",,,0.5,0.0429,,450,New York City,New York,United States
Umbrella,,,Email Campaign,1000.0,True,,5000000.0,,,North America,,0.5,,1.0,391,Chicago,Illinois,United States
Wonka,,2025-07-19,Social Media,10000.0,False,,1000000.0,2024-05-05,,North America,,0.5,0.5843,32.0,18,New York City,New York,United States
Umbrella,,,Trade Show,0.0,False,,999999.0,2025-02-28,,North America,,0.25,0.3182,24.0,143,Chicago,Illinois,United States
Soylent,,2023-12-22,Social Media,10000.0,False,001B000002,1000000.0,2024-05-05,,,,0.75,,,441,San Francisco,California,United States
Umbrella,,2024-05-12,Email Campaign,10000.0,True,001C000003,1000000.0,,,,,0.1,0.2165,28.0,123,New York City,New York,United States
Umbrella,,2020-01-01,Email Campaign,1000.0,False,001A000001,1000000.0,,"{""type"": ""A"", ""value"": 100}",,,0.75,0.1185,15.0,476,San Francisco,California,United States
Globex,help@globex.com,2022-12-01,Email Campaign,1000.0,True,,2500000.0,,,North America,,,,13.0,311,Chicago,Illinois,United States
Soylent,,2022-12-19,,1000.0,False,,1000000.0,2024-05-05,,North America,,,0.1697,,167,New York City,New York,United States
Acme Corp,contact@acme.com,2022-12-01,Trade Show,50000.0,True,001C000003,1000000.0,2025-06-30,,,,0.75,0.5804,38.0,60,,,United States
Globex,help@globex.com,,,,False,,999999.0,2024-05-05,"{""type"": ""B"", ""value"": 200}",North America,,0.75,,28.0,130,Chicago,Illinois,United States
Soylent,,2022-12-01,Email Campaign,10000.0,False,001B000002,1000000.0,,,North America,,0.75,0.4672,35.0,123,San Francisco,California,United States
Umbrella,,2022-12-01,Phone Inquiry,,True,,5000000.0,,"{""type"": ""A"", ""value"": 100}",,,0.5,0.0326,,295,New York City,New York,United States
Acme Corp,contact@acme.com,,Trade Show,1000.0,False,001A000001,1000000.0,,,,,0.75,,44.0,202,Chicago,Illinois,United States
Globex,help@globex.com,2022-12-01,Web,50000.0,False,,1000000.0,2024-05-05,"{""type"": ""B"", ""value"": 200}",North America,,1.0,0.4353,35.0,236,Chicago,Illinois,United States
Globex,help@globex.com,2025-02-23,Email Campaign,,False,,5000000.0,2025-03-13,,,Notes_Flag,0.5,0.3818,40.0,179,Chicago,Illinois,United States
Globex,help@globex.com,2025-02-14,Social Media,1000.0,False,001A000001,1000000.0,,"{""type"": ""B"", ""value"": 200}",North America,,0.1,,,499,Chicago,Illinois,United States
Soylent,,2022-12-01,Social Media,25000.0,False,,2500000.0,,"{""type"": ""A"", ""value"": 100}",North America,,0.5,0.206,20.0,469,Chicago,Illinois,United States
Soylent,,2022-12-01,Referral,,True,,5000000.0,2024-05-05,,North America,,,0.3444,31.0,48,Chicago,Illinois,United States
Globex,help@globex.com,,Email Campaign,50000.0,True,001A000001,1000000.0,,,,,1.0,,7.0,14,Chicago,Illinois,United States
Umbrella,,2022-12-01,Social Media,10000.0,False,001C000003,1000000.0,,"{""type"": ""B"", ""value"": 200}",North America,,0.25,0.4829,,32,San Francisco,California,United States
Umbrella,,2023-03-12,Social Media,50000.0,False,001A000001,5000000.0,,,North America,,,0.6902,16.0,333,San Francisco,California,United States
Soylent,,,Trade Show,10000.0,False,001B000002,2500000.0,,,North America,Notes_Flag,,,7.0,192,San Francisco,California,United States
Acme Corp,contact@acme.com,2022-12-01,Referral,25000.0,True,001C000003,5000000.0,,,,Notes_Flag,,0.3413,39.0,421,Chicago,Illinois,United States
Soylent,,2023-06-11,,50000.0,False,,2500000.0,2025-07-13,"{""type"": ""A"", ""value"": 100}",North America,Notes_Flag,1.0,0.5794,,72,Chicago,Illinois,United States
Umbrella,,2020-01-01,Referral,1000.0,True,001C000003,1000000.0,,"{""type"": ""B"", ""value"": 200}",,,0.5,,36.0,145,Chicago,Illinois,United States
Umbrella,,2022-12-01,Email Campaign,50000.0,True,,1000000.0,2024-05-05,"{""type"": ""A"", ""value"": 100}",North America,,1.0,0.7016,1.0,42,San Francisco,California,United States
Soylent,,2025-05-17,Social Media,,True,001C000003,1000000.0,2024-09-28,,North America,Notes_Flag,0.25,0.405,8.0,250,San Francisco,California,United States
Acme Corp,contact@acme.com,2022-12-01,Email Campaign,10000.0,True,,999999.0,2024-05-05,,,,0.25,,,319,New York City,New York,United States
Globex,help@globex.com,2024-04-28,Trade Show,1000.0,True,,1000000.0,,"{""type"": ""B"", ""value"": 200}",,Notes_Flag,0.25,0.2445,11.0,417,Chicago,Illinois,United States
Umbrella,,2020-01-01,Trade Show,1000.0,True,001B000002,999999.0,,,,Notes_Flag,0.1,0.0725,44.0,349,San Francisco,California,United States
Acme Corp,contact@acme.com,,Trade Show,50000.0,False,001B000002,1000000.0,2024-05-05,,North America,,0.25,,6.0,289,Chicago,Illinois,United States
Globex,help@globex.com,2020-01-01,Social Media,10000.0,True,,1000000.0,2024-05-05,,,,1.0,0.3868,,146,New York City,New York,United States
,,2022-12-01,Email Campaign,1000.0,False,,1000000.0,,,,,0.25,0.4311,50.0,116,Chicago,Illinois,United States
Acme Corp,contact@acme.com,,Social Media,10000.0,True,001C000003,1000000.0,,"{""type"": ""B"", ""value"": 200}",North America,Notes_Flag,,,8.0,410,San Francisco,California,United States
Umbrella,,2023-04-19,Email Campaign,10000.0,True,001A000001,1000000.0,2024-05-05,,,,0.5,0.0897,48.0,92,New York City,New York,United States
Globex,help@globex.com,2020-01-01,Referral,50000.0,False,001B000002,1000000.0,2025-06-15,,,Notes_Flag,0.75,0.9271,,100,San Francisco,California,United States
,,2022-12-19,Referral,10000.0,False,001B000002,1000000.0,2024-08-22,"{""type"": ""B"", ""value"": 200}",North America,,0.5,,22.0,225,Chicago,Illinois,United States
Globex,help@globex.com,2020-01-01,Referral,1000.0,True,001C000003,1000000.0,,,,,,0.7772,13.0,454,Chicago,Illinois,United States
Umbrella,,2024-09-05,Social Media,0.0,False,,2500000.0,2024-12-18,,North America,,,0.8007,37.0,12,Chicago,Illinois,United States
Soylent,,2022-12-01,Email Campaign,10000.0,False,001A000001,1000000.0,2025-07-19,"{""type"": ""A"", ""value"": 100}",North America,,0.5,,,196,San Francisco,California,United States
Acme Corp,contact@acme.com,2024-10-16,Social Media,1000.0,True,,999999.0,2024-05-05,,,,0.25,0.0401,6.0,488,San Francisco,California,United States
Soylent,,2023-07-11,Referral,10000.0,False,001A000001,1000000.0,2024-05-05,,North America,,0.75,0.9131,13.0,63,New York City,New York,United States
Initech,,2022-12-01,Trade Show,10000.0,False,001B000002,2500000.0,,,North America,Notes_Flag,0.75,,20.0,251,New York City,New York,United States
Acme Corp,contact@acme.com,2022-12-22,Referral,10000.0,False,001A000001,1000000.0,2024-10-02,"{""type"": ""B"", ""value"": 200}",North America,Notes_Flag,,0.2199,,30,Chicago,Illinois,United States
Acme Corp,contact@acme.com,2025-03-23,Trade Show,10000.0,True,,999999.0,,,North America,Notes_Flag,0.1,0.7093,6.0,75,San Francisco,California,United States
Soylent,,2023-11-07,Email Campaign,1000.0,True,001B000002,1000000.0,2024-11-13,"{""type"": ""A"", ""value"": 100}",,Notes_Flag,0.75,,13.0,54,New York City,New York,United States
Acme Corp,contact@acme.com,2024-03-02,Trade Show,1000.0,True,,2500000.0,,"{""type"": ""A"", ""value"": 100}",,Notes_Flag,0.25,0.5522,3.0,43,San Francisco,California,United States
Umbrella,,2022-12-01,Trade Show,10000.0,True,001C000003,1000000.0,,,North America,,,0.1492,,426,San Francisco,California,United States
Umbrella,,2024-10-01,Email Campaign,50000.0,True,,100000.0,2025-07-20,,,Notes_Flag,0.5,,21.0,241,San Francisco,California,United States
Globex,help@globex.com,,Trade Show,10000.0,True,001B000002,1000000.0,2024-12-08,,North America,Notes_Flag,,0.5335,39.0,437,New York City,New York,United States
Acme Corp,contact@acme.com,2024-06-20,Social Media,1000.0,False,001B000002,5000000.0,2024-10-20,,North America,,0.1,0.2479,29.0,237,Chicago,Illinois,United States
Initech,,,Email Campaign,1000.0,True,,1000000.0,,,,Notes_Flag,0.1,,,355,Chicago,Illinois,United States
Umbrella,,,Email Campaign,50000.0,False,001C000003,1000000.0,,,North America,,0.25,0.9371,16.0,340,Chicago,Illinois,United States
Globex,help@globex.com,,Social Media,10000.0,False,,1000000.0,,"{""type"": ""B"", ""value"": 200}",,,1.0,0.9708,1.0,321,New York City,New York,United States
Soylent,,2025-01-14,Referral,10000.0,False,,999999.0,,"{""type"": ""B"", ""value"": 200}",North America,Notes_Flag,0.1,,8.0,461,Chicago,Illinois,United States
Umbrella,,,Trade Show,50000.0,True,001A000001,5000000.0,,,North America,Notes_Flag,0.75,0.343,,435,Chicago,Illinois,United States
Acme Corp,contact@acme.com,2022-12-01,Email Campaign,1000.0,False,,,2024-05-05,,North America,,0.5,0.1324,22.0,268,San Francisco,California,United States
Globex,help@globex.com,2022-12-01,Trade Show,0.0,True,001C000003,1000000.0,,,North America,,0.1,,1.0,118,New York City,New York,United States
Umbrella,,2025-03-13,Referral,50000.0,True,001C000003,1000000.0,,,North America,Notes_Flag,0.1,0.546,1.0,53,San Francisco,California,United States
Acme Corp,contact@acme.com,2024-04-20,Social Media,,True,001A000001,1000000.0,,,North America,,1.0,0.2851,,77,San Francisco,California,United States
Umbrella,,2022-12-01,Trade Show,10000.0,False,001C000003,2500000.0,,"{""type"": ""A"", ""value"": 100}",,Notes_Flag,1.0,,18.0,397,San Francisco,California,United States
Globex,help@globex.com,2020-01-01,Trade Show,1000.0,True,001C000003,5000000.0,2024-11-04,,North America,,0.75,0.0894,36.0,320,Chicago,Illinois,United States
Initech,,2022-12-01,Email Campaign,10000.0,False,,5000000.0,,,North America,Notes_Flag,1.0,0.2115,19.0,497,New York City,New York,United States
Globex,help@globex.com,,Social Media,1000.0,True,001A000001,5000000.0,2024-05-05,,North America,,0.5,,,181,,,United States
Acme Corp,contact@acme.com,2024-07-11,Email Campaign,,True,001A000001,1000000.0,,,North America,,0.75,0.4262,37.0,377,,,
Wonka,,,Partner,50000.0,False,001B000002,999999.0,,,,Notes_Flag,1.0,0.522,22.0,493,San Francisco,California,United States
Initech,,2025-05-09,Email Campaign,25000.0,False,001A000001,1000000.0,,,North America,,0.1,,10.0,44,New York City,New York,United States
Globex,help@globex.com,2022-12-01,Email Campaign,50000.0,True,001B000002,5000000.0,2024-05-05,"{""type"": ""B"", ""value"": 200}",North America,Notes_Flag,,0.8118,,480,Chicago,Illinois,United States
Acme Corp,contact@acme.com,2020-01-01,Social Media,,True,001B000002,2500000.0,,"{""type"": ""B"", ""value"": 200}",North America,Notes_Flag,0.1,0.0069,49.0,132,Chicago,Illinois,United States
Globex,help@globex.com,,Social Media,25000.0,,001A000001,1000000.0,,"{""type"": ""A"", ""value"": 100}",North America,,0.5,,6.0,328,San Francisco,California,United States
Umbrella,,2023-03-01,Social Media,10000.0,False,001C000003,999999.0,2025-02-18,,North America,,1.0,0.9642,17.0,79,San Francisco,California,United States
Globex,help@globex.com,2025-05-22,,50000.0,True,,1000000.0,,,North America,,0.5,0.8291,,359,New York City,New York,United States
Acme Corp,contact@acme.com,2020-01-01,Referral,,False,001C000003,,2024-05-05,"{""type"": ""B"", ""value"": 200}",North America,,0.1,,8.0,96,,,United States
Umbrella,,2020-01-01,Partner,10000.0,False,,1000000.0,,,,Notes_Flag,1.0,0.4724,14.0,378,Chicago,Illinois,United States
Umbrella,,2025-02-08,Referral,50000.0,False,,,,"{""type"": ""A"", ""value"": 100}",North America,,0.5,0.1732,36.0,357,New York City,New York,United States
Globex,help@globex.com,2022-12-01,Email Campaign,1000.0,True,,1000000.0,2025-04-28,"{""type"": ""A"", ""value"": 100}",,,1.0,,,187,New York City,New York,United States
Wonka,,2025-04-10,Partner,,True,,1000000.0,2024-05-05,,,,,0.7029,7.0,436,San Francisco,California,United States
Acme Corp,contact@acme.com,,Referral,10000.0,False,001B000002,1000000.0,2024-05-05,"{""type"": ""B"", ""value"": 200}",North America,Notes_Flag,0.75,0.2147,33.0,92,San Francisco,California,United States
Globex,help@globex.com,,Referral,,True,,1000000.0,,"{""type"": ""A"", ""value"": 100}",North America,,0.5,,16.0,204,Chicago,Illinois,United States
Wonka,,2022-12-01,Email Campaign,1000.0,False,,1000000.0,2025-05-31,,North America,Notes_Flag,0.25,0.9915,,146,Chicago,Illinois,United States
Globex,help@globex.com,,,,True,,1000000.0,,"{""type"": ""A"", ""value"": 100}",,Notes_Flag,0.25,0.9395,16.0,218,Chicago,Illinois,United States
Initech,,2022-12-01,Referral,50000.0,True,001C000003,1000000.0,2025-05-07,,North America,,1.0,,5.0,470,Chicago,Illinois,United States
Soylent,,2024-11-08,,0.0,False,,1000000.0,2024-05-05,"{""type"": ""A"", ""value"": 100}",North America,,0.75,0.2799,0.0,259,New York City,New York,United States
Wonka,,2024-04-04,Email Campaign,50000.0,True,001C000003,,,"{""type"": ""A"", ""value"": 100}",North America,,1.0,0.4222,,136,San Francisco,California,United States
Umbrella,,2020-01-01,Email Campaign,1000.0,False,,1000000.0,,"{""type"": ""B"", ""value"": 200}",North America,,0.75,,16.0,91,New York City,New York,United States
Acme Corp,contact@acme.com,2022-12-01,,25000.0,False,001B000002,2500000.0,,"{""type"": ""B"", ""value"": 200}",North America,,,0.8537,36.0,342,San Francisco,California,United States
,,2022-12-01,Partner,10000.0,False,001A000001,1000000.0,2025-03-13,"{""type"": ""B"", ""value"": 200}",,,1.0,0.5325,18.0,449,San Francisco,California,United States
Acme Corp,contact@acme.com,,Trade Show,10000.0,False,,1000000.0,,"{""type"": ""B"", ""value"": 200}",North America,,0.1,,,339,New York City,New York,United States
Acme Corp,contact@acme.com,2022-12-01,Social Media,50000.0,True,001A000001,1000000.0,,,,,0.1,0.3482,40.0,124,San Francisco,California,United States
Acme Corp,contact@acme.com,2020-01-01,Social Media,0.0,False,,1000000.0,,,North America,,0.1,0.6393,23.0,234,San Francisco,California,United States
Soylent,,2024-10-28,Referral,50000.0,False,001A000001,1000000.0,2024-05-05,,North America,,0.1,,7.0,318,New York City,New York,United States
Acme Corp,contact@acme.com,,Phone Inquiry,,True,001A000001,1000000.0,,"{""type"": ""A"", ""value"": 100}",,,0.25,0.3243,,480,New York City,New York,United States
Acme Corp,contact@acme.com,2024-05-26,Trade Show,50000.0,False,001C000003,1000000.0,2024-11-15,"{""type"": ""A"", ""value"": 100}",North America,,,0.698,11.0,356,New York City,New York,United States
Umbrella,,2022-12-01,Trade Show,50000.0,False,001C000003,100000.0,2024-05-05,,North America,Notes_Flag,0.5,,49.0,448,San Francisco,California,United States
Soylent,,,Email Campaign,10000.0,False,001C000003,999999.0,,,North America,,,0.794,33.0,110,New York City,New York,United States
Globex,help@globex.com,2025-06-01,,10000.0,False,,2500000.0,2024-05-05,,,,0.75,0.7418,,274,Chicago,Illinois,United States
Initech,,2020-01-01,Referral,1000.0,False,001B000002,1000000.0,,,,,1.0,,24.0,438,New York City,New York,United States
Soylent,,,Phone Inquiry,50000.0,False,,1000000.0,,"{""type"": ""B"", ""value"": 200}",North America,,0.1,0.9289,29.0,399,New York City,New York,United States
Acme Corp,contact@acme.com,2020-01-01,Referral,10000.0,True,,1000000.0,,,North America,Notes_Flag,0.5,0.957,12.0,493,New York City,New York,United States
Umbrella,,2020-01-01,Trade Show,10000.0,False,001C000003,1000000.0,,"{""type"": ""B"", ""value"": 200}",North America,,0.75,,,71,Chicago,Illinois,United States
Soylent,,2022-12-01,Email Campaign,25000.0,True,,5000000.0,2024-05-05,"{""type"": ""B"", ""value"": 200}",,,1.0,0.0796,22.0,48,San Francisco,California,United States
Initech,,,Trade Show,25000.0,True,,999999.0,,"{""type"": ""A"", ""value"": 100}",North America,Notes_Flag,,0.23,12.0,447,Chicago,Illinois,United States
Globex,help@globex.com,,Trade Show,10000.0,False,001B000002,1000000.0,2025-05-17,"{""type"": ""A"", ""value"": 100}",,,1.0,,8.0,97,New York City,New York,United States
Acme Corp,contact@acme.com,2022-12-01,Referral,1000.0,True,001B000002,5000000.0,,"{""type"": ""B"", ""value"": 200}",North America,,0.1,0.492,,155,New York City,New York,United States
Umbrella,,2024-10-18,Email Campaign,50000.0,False,001C000003,100000.0,2024-08-28,,North America,,0.5,0.2693,12.0,269,New York City,New York,United States
Acme Corp,contact@acme.com,,Social Media,,True,001B000002,5000000.0,2024-10-30,"{""type"": ""B"", ""value"": 200}",,,0.5,,5.0,330,San Francisco,California,United States
Globex,help@globex.com,,,10000.0,False,001B000002,1000000.0,,"{""type"": ""A"", ""value"": 100}",North America,,0.5,0.2039,40.0,453,,,United States
Globex,help@globex.com,2023-08-24,,1000.0,False,,1000000.0,,,North America,,1.0,0.0144,,114,New York City,New York,United States
Soylent,,2025-03-07,Referral,50000.0,True,,1000000.0,,,,,0.5,,24.0,65,New York City,New York,United States
Initech,,2022-12-01,Referral,10000.0,True,001B000002,2500000.0,,,,,0.25,0.4821,35.0,54,,,United States
Umbrella,,,Email Campaign,50000.0,False,001B000002,100000.0,2024-09-05,,North America,Notes_Flag,0.75,0.9136,34.0,417,San Francisco,California,United States
Globex,help@globex.com,2022-12-01,Phone Inquiry,,True,001B000002,1000000.0,,"{""type"": ""B"", ""value"": 200}",North America,,0.1,,,208,New York City,New York,United States
Umbrella,,2022-11-08,Trade Show,25000.0,False,001A000001,999999.0,,,North America,,0.75,0.8108,30.0,445,New York City,New York,United States
Acme Corp,contact@acme.com,,Referral,0.0,False,001A000001,2500000.0,2024-05-05,,North America,Notes_Flag,0.5,0.3189,47.0,500,San Francisco,California,United States
Globex,help@globex.com,,Email Campaign,,False,001B000002,,2024-05-05,"{""type"": ""A"", ""value"": 100}",North America,Notes_Flag,,,5.0,121,Chicago,Illinois,United States
,,2020-01-01,Referral,10000.0,False,,1000000.0,,"{""type"": ""B"", ""value"": 200}",,,1.0,0.89,,78,New York City,New York,United States
Acme Corp,contact@acme.com,,Trade Show,1000.0,False,,1000000.0,,"{""type"": ""B"", ""value"": 200}",,Notes_Flag,1.0,0.0849,22.0,447,Chicago,Illinois,United States
Umbrella,,2025-07-04,Referral,0.0,False,,,2025-04-10,"{""type"": ""B"", ""value"": 200}",North America,,0.1,,46.0,86,New York City,New York,United States
Globex,help@globex.com,2022-11-10,Social Media,10000.0,True,,2500000.0,2024-12-18,,North America,,0.1,0.4214,7.0,377,San Francisco,California,United States
Umbrella,,2025-03-10,Referral,10000.0,True,001C000003,,2024-05-05,,North America,Notes_Flag,1.0,0.7562,,473,San Francisco,California,United States
Acme Corp,contact@acme.com,2022-12-01,Social Media,,False,001A000001,5000000.0,,,North America,,0.25,,7.0,78,New York City,New York,United States
Globex,help@globex.com,,Social Media,,True,001A000001,1000000.0,2025-05-27,,North America,,0.25,0.3337,26.0,170,San Francisco,California,United States
Wonka,,2024-09-19,Social Media,50000.0,True,001A000001,2500000.0,,,North America,Notes_Flag,0.5,0.8313,37.0,397,New York City,New York,United States
Acme Corp,contact@acme.com,,Email Campaign,50000.0,False,001A000001,1000000.0,2024-05-05,"{""type"": ""B"", ""value"": 200}",North America,Notes_Flag,1.0,,,303,Chicago,Illinois,United States
Umbrella,,2024-10-15,Social Media,25000.0,True,,5000000.0,,,,Notes_Flag,1.0,0.1714,33.0,14,New York City,New York,United States
Globex,help@globex.com,,Email Campaign,50000.0,False,001B000002,,,"{""type"": ""B"", ""value"": 200}",North America,,0.25,0.4203,21.0,335,New York City,New York,United States
Acme Corp,contact@acme.com,2022-12-01,Social Media,50000.0,True,,1000000.0,,,North America,Notes_Flag,,,44.0,417,San Francisco,California,United States
Globex,help@globex.com,2022-12-01,Email Campaign,1000.0,False,001B000002,1000000.0,,,North America,Notes_Flag,,0.5243,,48,New York City,New York,United States
Soylent,,2020-01-01,Trade Show,50000.0,False,001B000002,100000.0,,,North America,,,0.9846,50.0,394,New York City,New York,United States
Soylent,,2022-12-01,Trade Show,10000.0,False,001B000002,5000000.0,,,North America,,0.75,,21.0,493,New York City,New York,United States
Acme Corp,contact@acme.com,2023-11-18,Referral,25000.0,True,001B000002,5000000.0,2024-05-05,"{""type"": ""B"", ""value"": 200}",North America,,0.75,0.9749,13.0,59,Chicago,Illinois,United States
Soylent,,,Email Campaign,10000.0,False,001B000002,2500000.0,,,North America,,1.0,0.871,,351,New York City,New York,United States
Globex,help@globex.com,2022-12-01,Trade Show,50000.0,True,001B000002,100000.0,,,North America,,0.75,,3.0,139,San Francisco,California,United States
Acme Corp,contact@acme.com,2023-04-18,Social Media,1000.0,True,001B000002,1000000.0,,"{""type"": ""A"", ""value"": 100}",North America,Notes_Flag,,0.5432,50.0,199,Chicago,Illinois,United States
Acme Corp,contact@acme.com,2022-12-01,Trade Show,50000.0,True,001A000001,1000000.0,,,North America,Notes_Flag,0.1,0.928,12.0,156,New York City,New York,United States
Globex,help@globex.com,2020-01-01,Phone Inquiry,10000.0,False,,1000000.0,,"{""type"": ""B"", ""value"": 200}",North America,,,,,112,Chicago,Illinois,United States
Acme Corp,contact@acme.com,2024-01-28,Email Campaign,10000.0,False,001A000001,1000000.0,,,,,0.75,0.5727,32.0,498,New York City,New York,United States
Acme Corp,contact@acme.com,,Web,10000.0,False,,999999.0,,,North America,,0.1,0.5538,36.0,237,New York City,New York,United States
Globex,help@globex.com,2020-01-01,Social Media,0.0,False,001A000001,5000000.0,,,North America,,0.75,,18.0,114,San Francisco,California,United States
Acme Corp,contact@acme.com,2022-12-01,Referral,25000.0,False,001B000002,1000000.0,2025-04-29,,North America,,0.5,0.9551,,272,San Francisco,California,United States
Initech,,2022-12-01,Phone Inquiry,1000.0,True,,1000000.0,,"{""type"": ""B"", ""value"": 200}",,,,0.263,37.0,205,Chicago,Illinois,United States
Globex,help@globex.com,2022-12-01,Social Media,50000.0,False,001C000003,,,,North America,,0.5,,3.0,210,San Francisco,California,United States
Umbrella,,,Social Media,10000.0,True,001B000002,100000.0,,"{""type"": ""B"", ""value"": 200}",,,0.75,0.3443,20.0,449,New York City,New York,United States
